"","buildingid","latitude","longitude","avg_violations_weighted","legalclassa","violations_score","registrationid","boroid","boro","housenumber","lowhousenumber","highhousenumber","streetname","streetcode","zip","block","lot","bin","communityboard","lastregistrationdate","registrationenddate","type","corporationname","firstname","middleinitial","lastname","fullname"
"1",50369,40.827911,-73.904195,718.708333333333,51,14.0923202614379,201450,2,"BRONX","1133","1133","1133","BOSTON ROAD",13820,10456,2613,26,2004268,3,2021-11-15,2022-09-01,"HeadOfficer",NA,"PHILIP",NA,"SCHORR","718.71 avg. open violations; 51 units; landlord: PHILIP SCHORR"
"2",805709,40.76809,-73.986148,705,6,117.5,108927,1,"MANHATTAN","400","400","400","WEST 57 STREET",34910,10019,1066,32,1081701,4,2022-02-03,2022-09-01,"HeadOfficer",NA,"MARK",NA,"TRESS","705 avg. open violations; 6 units; landlord: MARK TRESS"
"3",43022,40.836734,-73.937683,629.666666666667,22,28.6212121212121,114100,1,"MANHATTAN","438","438","440","WEST 164 STREET",37050,10032,2110,76,1062626,12,2021-12-07,2022-09-01,"HeadOfficer",NA,"SALVATORE",NA,"D'AVOLA","629.67 avg. open violations; 22 units; landlord: SALVATORE D'AVOLA"
"4",491277,40.689512,-73.857982,602.083333333333,4,150.520833333333,403699,4,"QUEENS","88-42","88-42","88-42","85 STREET",17340,11421,8915,38,4183453,9,2021-11-16,2022-09-01,"HeadOfficer",NA,"LEONARDO",NA,"SIRAGUSA","602.08 avg. open violations; 4 units; landlord: LEONARDO SIRAGUSA"
"5",5036,40.863955,-73.919313,577.125,34,16.9742647058824,109167,1,"MANHATTAN","3854","3852","3854","10 AVENUE",11010,10034,2219,29,1080026,12,2021-10-01,2022-09-01,"HeadOfficer",NA,"JULIAN",NA,"RODRIGUEZ","577.12 avg. open violations; 34 units; landlord: JULIAN RODRIGUEZ"
"6",52725,40.814015,-73.915475,567.5,9,63.0555555555556,204247,2,"BRONX","506","506","506","BROOK AVENUE",15720,10455,2274,6,2000107,1,2022-01-31,2022-09-01,"HeadOfficer",NA,"MARIO",NA,"OLIVERO","567.5 avg. open violations; 9 units; landlord: MARIO OLIVERO"
"7",41861,40.824975,-73.949104,561.5,30,18.7166666666667,101720,1,"MANHATTAN","530","530","530","WEST 144 STREET",36650,10031,2075,46,1061891,9,2022-01-21,2022-09-01,"HeadOfficer",NA,"SIMONE",NA,"ROSS","561.5 avg. open violations; 30 units; landlord: SIMONE ROSS"
"8",41406,40.818035,-73.940323,538,72,7.47222222222222,112862,1,"MANHATTAN","161","161","169","WEST 140 STREET",36570,10030,2009,8,1060062,10,2022-02-16,2022-09-01,"HeadOfficer",NA,"SIMONE",NA,"ROSS","538 avg. open violations; 72 units; landlord: SIMONE ROSS"
"9",41995,40.825678,-73.948637,533.333333333333,15,35.5555555555556,107911,1,"MANHATTAN","533","533","533","WEST 145 STREET",36670,10031,2077,10,1061930,9,2021-10-06,2022-09-01,"HeadOfficer",NA,"SALVATORE",NA,"D'AVOLA","533.33 avg. open violations; 15 units; landlord: SALVATORE D'AVOLA"
"10",58374,40.812821,-73.908226,532.25,33,16.1287878787879,200475,2,"BRONX","540","536","540","CONCORD AVENUE",21020,10455,2580,18,2003945,1,2020-01-07,2020-11-01,"HeadOfficer",NA,"ALEJANDRO",NA,"QUITO","532.25 avg. open violations; 33 units; landlord: ALEJANDRO QUITO"
"11",297545,40.679718,-73.937018,522.333333333333,248,2.10618279569892,375183,3,"BROOKLYN","1593","1593","1625","FULTON STREET",42730,11213,1684,1,3047699,3,2021-08-17,2022-09-01,"HeadOfficer",NA,"ROBYN",NA,"LUCAS-CORA","522.33 avg. open violations; 248 units; landlord: ROBYN LUCAS-CORA"
"12",208141,40.676181,-73.95133,512.625,16,32.0390625,362002,3,"BROOKLYN","1055","1055","1055","BERGEN STREET",19230,11216,1212,65,3030348,8,2022-02-02,2022-09-01,"HeadOfficer",NA,"SHAWN",NA,"MALDON","512.62 avg. open violations; 16 units; landlord: SHAWN MALDON"
"13",387183,40.696177,-73.93574,497,3,165.666666666667,364049,3,"BROOKLYN","381","381","381","VERNON AVENUE",88130,11206,1586,47,3324962,3,2021-01-22,2021-09-01,"HeadOfficer",NA,"BETTY",NA,"LUGO","497 avg. open violations; 3 units; landlord: BETTY LUGO"
"14",21274,40.826287,-73.941938,496.375,35,14.1821428571429,108180,1,"MANHATTAN","335","335","337","EDGECOMBE AVENUE",19990,10031,2053,96,1061153,9,2022-02-02,2022-09-01,"HeadOfficer",NA,"CHARLIE",NA,"WINSTON","496.38 avg. open violations; 35 units; landlord: CHARLIE WINSTON"
"15",40693,40.818868,-73.954214,493,24,20.5416666666667,103714,1,"MANHATTAN","523","523","523","WEST 134 STREET",36450,10031,1988,12,1059754,9,2021-11-12,2022-09-01,"HeadOfficer",NA,"SIMONE",NA,"ROSS","493 avg. open violations; 24 units; landlord: SIMONE ROSS"
"16",804826,40.791649,-73.93857,486.75,396,1.22916666666667,139129,1,"MANHATTAN","2116","2116","2130","1 AVENUE",10010,10029,1701,1,1083955,11,2021-09-11,2022-09-01,"HeadOfficer",NA,"TAMAR",NA,"SMITH","486.75 avg. open violations; 396 units; landlord: TAMAR SMITH"
"17",38342,40.803813,-73.95391,461,16,28.8125,112287,1,"MANHATTAN","231","231","233","WEST 116 STREET",36090,10026,1922,14,1058373,10,2019-12-18,2020-11-01,"HeadOfficer",NA,"SIMONE",NA,"ROSS","461 avg. open violations; 16 units; landlord: SIMONE ROSS"
"18",116943,40.861234,-73.906291,458.666666666667,11,41.6969696969697,204301,2,"BRONX","2328","2328","2328","UNIVERSITY AVENUE",70620,10468,3212,42,2014603,7,2021-10-18,2022-09-01,"HeadOfficer",NA,"JOHN","M","REILLY","458.67 avg. open violations; 11 units; landlord: JOHN REILLY"
"19",65175,40.832613,-73.904676,450.333333333333,321,1.40290758047767,221675,2,"BRONX","530","530","540","EAST 169 STREET",26730,10456,2610,12,2004223,3,2022-02-11,2022-09-01,"HeadOfficer",NA,"KARAN",NA,"SINGH","450.33 avg. open violations; 321 units; landlord: KARAN SINGH"
"20",638178,40.748297,-73.874949,449.416666666667,3,149.805555555556,401576,4,"QUEENS","40-26","40-26","40-26","BENHAM STREET",35790,11373,1551,24,4038793,4,2015-07-14,2016-09-01,"IndividualOwner",NA,"REBECA",NA,"CERECEDO","449.42 avg. open violations; 3 units; landlord: REBECA CERECEDO"
"21",335825,40.700651,-73.914642,442,6,73.6666666666667,315892,3,"BROOKLYN","333","333","333","MENAHAN STREET",60230,11237,3310,48,3075761,4,2021-12-27,2022-09-01,"HeadOfficer",NA,"ISMENE",NA,"SPELIOTIS","442 avg. open violations; 6 units; landlord: ISMENE SPELIOTIS"
"22",40445,40.812883,-73.943915,427.75,NA,NA,114053,1,"MANHATTAN","162","162","162","WEST 132 STREET",36410,10027,1916,56,1058118,10,2019-02-11,2019-09-01,"IndividualOwner",NA,"ASTLEY",NA,"GROVES","427.75 avg. open violations; NA units; landlord: ASTLEY GROVES"
"23",39960,40.813175,-73.95231,423.5,31,13.6612903225806,103886,1,"MANHATTAN","415","415","417","WEST 128 STREET",36330,10027,1968,35,1059594,9,2019-11-08,2020-11-01,"HeadOfficer",NA,"SIMONE",NA,"ROSS","423.5 avg. open violations; 31 units; landlord: SIMONE ROSS"
"24",9035,40.803336,-73.964707,409.333333333333,91,4.4981684981685,111505,1,"MANHATTAN","515","515","515","CATHEDRAL PARKWAY",14210,10025,1882,20,1056906,9,2021-11-23,2022-09-01,"HeadOfficer",NA,"JUAN",NA,"LARA","409.33 avg. open violations; 91 units; landlord: JUAN LARA"
"25",77973,40.875282,-73.847547,403.125,3,134.375,206947,2,"BRONX","3349","3349","3349","FENTON AVENUE",32420,10469,4737,17,2060747,12,2012-10-05,2013-09-15,"IndividualOwner",NA,"GEOFFREY",NA,"SINCKLER","403.12 avg. open violations; 3 units; landlord: GEOFFREY SINCKLER"
"26",680710,40.601257,-73.747921,401.666666666667,43,9.34108527131783,407239,4,"QUEENS","14-15","14-15","14-15","MOTT AVENUE",56090,11691,15574,48,4298509,14,2022-01-03,2022-09-01,"HeadOfficer",NA,"MICHAEL","T","ROONEY","401.67 avg. open violations; 43 units; landlord: MICHAEL ROONEY"
"27",326090,40.671074,-73.866042,396.833333333333,294,1.34977324263039,374306,3,"BROOKLYN","735","735","735","LINCOLN AVENUE",55930,11208,4271,9001,3343256,5,2021-09-25,2022-09-01,"HeadOfficer",NA,"ALAN",NA,"SULLIVAN","396.83 avg. open violations; 294 units; landlord: ALAN SULLIVAN"
"28",359188,40.687118,-73.949336,394.541666666667,21,18.7876984126984,318012,3,"BROOKLYN","285","285","287","QUINCY STREET",73050,11216,1803,72,3050643,3,2021-09-25,2022-09-01,"HeadOfficer",NA,"STEVEN",NA,"KASHANIAN","394.54 avg. open violations; 21 units; landlord: STEVEN KASHANIAN"
"29",25387,40.877059,-73.909248,387.583333333333,56,6.92113095238095,106081,1,"MANHATTAN","99","99","101","MARBLE HILL AVENUE",25790,10463,2215,326,1064584,12,2019-10-07,2020-11-01,"HeadOfficer",NA,"RICHARD",NA,"NUSSBAUM","387.58 avg. open violations; 56 units; landlord: RICHARD NUSSBAUM"
"30",73453,40.906152,-73.848258,377.083333333333,72,5.23726851851852,207002,2,"BRONX","738","738","740","EAST 243 STREET",28920,10470,5115,47,2071921,12,2021-09-22,2022-09-01,"HeadOfficer",NA,"SALVATORE",NA,"D'AVOLA","377.08 avg. open violations; 72 units; landlord: SALVATORE D'AVOLA"
"31",27011,40.863869,-73.921883,369,20,18.45,107854,1,"MANHATTAN","79","79","81","POST AVENUE",29190,10034,2218,13,1064724,12,2022-02-08,2022-09-01,"HeadOfficer",NA,"SIMONE",NA,"ROSS","369 avg. open violations; 20 units; landlord: SIMONE ROSS"
"32",28125,40.800206,-73.952489,366.375,12,30.53125,112918,1,"MANHATTAN","45","45","45","ST NICHOLAS AVENUE",31190,10026,1822,15,1054981,10,2021-12-22,2022-09-01,"HeadOfficer",NA,"MATTHEW","J","ROONEY","366.38 avg. open violations; 12 units; landlord: MATTHEW ROONEY"
"33",25556,40.808439,-73.956139,365.166666666667,10,36.5166666666667,105427,1,"MANHATTAN","63","63","63","MORNINGSIDE AVENUE",26490,10027,1947,64,1059163,10,2021-09-30,2022-09-01,"HeadOfficer",NA,"MARLENE",NA,"CHARLES","365.17 avg. open violations; 10 units; landlord: MARLENE CHARLES"
"34",116935,40.860924,-73.906598,361.041666666667,54,6.68595679012346,201462,2,"BRONX","2305","2305","2305","UNIVERSITY AVENUE",70620,10468,3218,58,2014745,7,2021-11-08,2022-09-01,"HeadOfficer",NA,"STEVE","A","FINKELSTEIN","361.04 avg. open violations; 54 units; landlord: STEVE FINKELSTEIN"
"35",326015,40.675365,-73.867137,357.583333333333,3,119.194444444444,354711,3,"BROOKLYN","568","568","568","LINCOLN AVENUE",55930,11208,4237,26,3095200,5,2021-09-25,2022-09-01,"IndividualOwner",NA,"KENNETH",NA,"AHN","357.58 avg. open violations; 3 units; landlord: KENNETH AHN"
"36",5857,40.848784,-73.930392,357,24,14.875,109321,1,"MANHATTAN","2461","2461","2463","AMSTERDAM AVENUE",11710,10033,2149,8,1063577,12,2021-08-28,2022-09-01,"HeadOfficer",NA,"RANDY",NA,"APFELBAUM","357 avg. open violations; 24 units; landlord: RANDY APFELBAUM"
"37",648751,40.722929,-73.868922,356.416666666667,37,9.63288288288288,405840,4,"QUEENS","84-53","84-53","84-53","DANA COURT",41440,11379,2999,28,4069616,5,2022-02-24,2022-09-01,"HeadOfficer",NA,"JOHNATHAN",NA,"SANTANA","356.42 avg. open violations; 37 units; landlord: JOHNATHAN SANTANA"
"38",115724,40.839424,-73.845226,352.791666666667,62,5.69018817204301,203923,2,"BRONX","2510","2510","2520","TRATMAN AVENUE",69520,10461,3980,20,2041847,10,2020-11-23,2021-09-01,"HeadOfficer",NA,"RICHARD",NA,"NUSSBAUM","352.79 avg. open violations; 62 units; landlord: RICHARD NUSSBAUM"
"39",43682,40.862552,-73.918367,351.5,29,12.1206896551724,141070,1,"MANHATTAN","407","407","409","WEST 205 STREET",37650,10034,2202,31,1064506,12,2021-01-14,2021-09-01,"HeadOfficer",NA,"MICHAEL",NA,"SAPERSTEIN","351.5 avg. open violations; 29 units; landlord: MICHAEL SAPERSTEIN"
"40",230762,40.6768,-73.948319,347.625,7,49.6607142857143,372926,3,"BROOKLYN","1237","1237","1237","DEAN STREET",31830,11216,1207,52,3030068,8,2018-10-16,2019-09-01,"HeadOfficer",NA,"EVERTON",NA,"PIERRE","347.62 avg. open violations; 7 units; landlord: EVERTON PIERRE"
"41",377800,40.665478,-73.955938,345.083333333333,54,6.39043209876543,320388,3,"BROOKLYN","2","2","2","STODDARD PLACE",82130,11225,1304,24,3034361,9,2021-08-28,2022-09-01,"HeadOfficer",NA,"YITZCHAK",NA,"SHWARTZ","345.08 avg. open violations; 54 units; landlord: YITZCHAK SHWARTZ"
"42",28294,40.832489,-73.940859,345,24,14.375,136109,1,"MANHATTAN","941","941","941","ST NICHOLAS AVENUE",31190,10032,2108,68,1062520,12,2022-02-09,2022-09-01,"HeadOfficer",NA,"SIMONE",NA,"ROSS","345 avg. open violations; 24 units; landlord: SIMONE ROSS"
"43",3583,40.818535,-73.941356,342.541666666667,54,6.34336419753086,106834,1,"MANHATTAN","2400","2400","2408","ADAM C POWELL BOULEVARD",10610,10030,2026,29,1060413,10,2021-12-29,2022-09-01,"HeadOfficer",NA,"CRAIG",NA,"LIVINGSTON","342.54 avg. open violations; 54 units; landlord: CRAIG LIVINGSTON"
"44",338110,40.662243,-73.887989,342.5,6,57.0833333333333,313254,3,"BROOKLYN","754","754","754","MILLER AVENUE",61030,11207,4303,32,3096715,5,2021-02-23,2021-09-01,"HeadOfficer",NA,"SALVATORE",NA,"D'AVOLA","342.5 avg. open violations; 6 units; landlord: SALVATORE D'AVOLA"
"45",317673,40.686955,-73.918027,337.708333333333,9,37.5231481481481,325368,3,"BROOKLYN","992","992","992","JEFFERSON AVENUE",53030,11221,1488,39,3039903,3,2019-11-01,2020-11-01,"HeadOfficer",NA,"URI",NA,"MERMELSTEIN","337.71 avg. open violations; 9 units; landlord: URI MERMELSTEIN"
"46",351510,40.672452,-73.932526,331.833333333333,19,17.4649122807018,316418,3,"BROOKLYN","1350","1350","1350","PARK PLACE",69330,11213,1372,20,3036487,8,2021-10-05,2022-09-01,"HeadOfficer",NA,"ISMENE",NA,"SPELIOTIS","331.83 avg. open violations; 19 units; landlord: ISMENE SPELIOTIS"
"47",185955,40.676246,-73.909287,330.583333333333,3,110.194444444444,344737,3,"BROOKLYN","2298","2298","2298","ATLANTIC AVENUE",13430,11233,1435,29,3038613,16,2019-01-15,2019-09-01,"IndividualOwner",NA,"SYED",NA,"AHMED","330.58 avg. open violations; 3 units; landlord: SYED AHMED"
"48",119285,40.829399,-73.922802,330.5,181,1.82596685082873,201131,2,"BRONX","975","975","975","WALTON AVENUE",72720,10452,2476,22,2002915,4,2021-10-06,2022-09-01,"HeadOfficer",NA,"JUDA",NA,"STERN","330.5 avg. open violations; 181 units; landlord: JUDA STERN"
"49",10600,40.721349,-73.979852,329.125,9,36.5694444444444,111467,1,"MANHATTAN","298","298","298","EAST 3 STREET",17050,10009,372,22,1004360,3,2022-01-06,2022-09-01,"HeadOfficer",NA,"FERNANDO",NA,"ALFONSO","329.12 avg. open violations; 9 units; landlord: FERNANDO ALFONSO"
"50",381702,40.681988,-73.943632,329.125,8,41.140625,308522,3,"BROOKLYN","453","453","455","TOMPKINS AVENUE",85730,11216,1846,2,3053076,3,2022-01-31,2022-09-01,"HeadOfficer",NA,"ISMENE",NA,"SPELIOTIS","329.12 avg. open violations; 8 units; landlord: ISMENE SPELIOTIS"
"51",342863,40.664145,-73.887907,326.875,3,108.958333333333,366770,3,"BROOKLYN","563","563","563","NEW LOTS AVENUE",64530,11207,4088,51,3090700,5,2012-05-09,2012-10-01,"IndividualOwner",NA,"IRINI",NA,"LASKARATOS","326.88 avg. open violations; 3 units; landlord: IRINI LASKARATOS"
"52",43379,40.848792,-73.934613,326.333333333333,21,15.5396825396825,111581,1,"MANHATTAN","609","607","609","WEST 180 STREET",37350,10033,2162,74,1063913,12,2021-12-14,2022-09-01,"HeadOfficer",NA,"JULIAN",NA,"RODRIGUEZ","326.33 avg. open violations; 21 units; landlord: JULIAN RODRIGUEZ"
"53",99774,40.831364,-73.870121,326.208333333333,4,81.5520833333333,218219,2,"BRONX","1256","1256","1256","NOBLE AVENUE",54120,10472,3783,12,2025543,9,2011-11-01,2012-10-01,"IndividualOwner",NA,"MARYANN",NA,"BROWN","326.21 avg. open violations; 4 units; landlord: MARYANN BROWN"
"54",287820,40.670086,-73.954767,322.333333333333,71,4.53990610328638,332253,3,"BROOKLYN","410","410","410","EASTERN PARKWAY",38430,11225,1267,10,3032887,9,2021-09-21,2022-09-01,"HeadOfficer",NA,"MICHAEL",NA,"CLEMAT","322.33 avg. open violations; 71 units; landlord: MICHAEL CLEMAT"
"55",324278,40.65372,-73.957221,321.916666666667,81,3.97427983539095,303814,3,"BROOKLYN","75","73","83","LENOX ROAD",55330,11226,5064,82,3116211,14,2021-08-12,2022-09-01,"HeadOfficer",NA,"DAVID",NA,"BLAU","321.92 avg. open violations; 81 units; landlord: DAVID BLAU"
"56",40761,40.819155,-73.95274,321.5,25,12.86,124928,1,"MANHATTAN","506","506","506","WEST 135 STREET",36470,10031,1988,40,1059771,9,2020-12-10,2021-09-01,"HeadOfficer",NA,"SIMONE",NA,"ROSS","321.5 avg. open violations; 25 units; landlord: SIMONE ROSS"
"57",114418,40.855583,-73.897879,316.625,57,5.55482456140351,200462,2,"BRONX","2240","2240","2240","TIEBOUT AVENUE",68420,10457,3143,150,2013321,5,2021-09-02,2022-09-01,"HeadOfficer",NA,"LARRY",NA,"HIRSCHFIELD","316.62 avg. open violations; 57 units; landlord: LARRY HIRSCHFIELD"
"58",41969,40.824936,-73.946918,311.5,NA,NA,128398,1,"MANHATTAN","468","468","468","WEST 145 STREET",36670,10031,2059,57,1061323,9,2022-01-27,2022-09-01,"HeadOfficer",NA,"JACOB",NA,"HAROONI","311.5 avg. open violations; NA units; landlord: JACOB HAROONI"
"59",21293,40.829116,-73.939876,310.5,124,2.50403225806452,117407,1,"MANHATTAN","409","409","417","EDGECOMBE AVENUE",19990,10031,2054,62,1061186,9,2020-08-07,2021-09-01,"HeadOfficer",NA,"NIKKI",NA,"BERRYMAN","310.5 avg. open violations; 124 units; landlord: NIKKI BERRYMAN"
"60",95154,40.841773,-73.834707,310.416666666667,4,77.6041666666667,217883,2,"BRONX","1539","1539","1539","MAYFLOWER AVENUE",49920,10461,5384,36,2074389,10,2006-01-11,2006-10-01,"HeadOfficer",NA,"JOHN",NA,"REALI","310.42 avg. open violations; 4 units; landlord: JOHN REALI"
"61",28340,40.829462,-73.940797,309.375,31,9.97983870967742,128419,1,"MANHATTAN","76","76","78","ST NICHOLAS PLACE",31290,10032,2054,79,1061188,9,2021-08-06,2022-09-01,"HeadOfficer",NA,"BRIAN",NA,"RITTER","309.38 avg. open violations; 31 units; landlord: BRIAN RITTER"
"62",81701,40.840612,-73.912796,308.333333333333,58,5.31609195402299,203970,2,"BRONX","1466","1466","1466","GRAND CONCOURSE",36420,10457,2832,40,2007993,4,2021-09-25,2022-09-01,"HeadOfficer",NA,"SALVATORE",NA,"D'AVOLA","308.33 avg. open violations; 58 units; landlord: SALVATORE D'AVOLA"
"63",886767,40.685362,-73.929527,306.875,3,102.291666666667,380606,3,"BROOKLYN","223","223","223","MALCOLM X BOULEVARD",73190,11221,1657,107,3391227,3,2019-09-24,2020-11-01,"IndividualOwner",NA,"ARENZO",NA,"MCEACHIN","306.88 avg. open violations; 3 units; landlord: ARENZO MCEACHIN"
"64",100437,40.879615,-73.867354,306.625,85,3.60735294117647,203019,2,"BRONX","3560","3560","3560","OLINVILLE AVENUE",55520,10467,4642,33,2057282,12,2021-10-21,2022-09-01,"HeadOfficer",NA,"LOUIS",NA,"CALOS","306.62 avg. open violations; 85 units; landlord: LOUIS CALOS"
"65",334375,40.681304,-73.941289,306.625,8,38.328125,322088,3,"BROOKLYN","133","133","135","MAC DONOUGH STREET",59530,11216,1852,49,3053382,3,2008-02-14,2008-04-01,"HeadOfficer",NA,"DAWN","N","MALONEY","306.62 avg. open violations; 8 units; landlord: DAWN MALONEY"
"66",287672,40.671121,-73.915941,306.083333333333,3,102.027777777778,335232,3,"BROOKLYN","1588","1588","1588","EASTERN PARKWAY EXTENSION",38430,11233,1468,46,3039420,16,2022-02-10,2022-09-01,"HeadOfficer",NA,"MAYER",NA,"KESSLER","306.08 avg. open violations; 3 units; landlord: MAYER KESSLER"
"67",357770,40.691424,-73.915465,305.416666666667,3,101.805555555556,369135,3,"BROOKLYN","1230","1230","1230","PUTNAM AVENUE",72930,11221,3375,20,3077211,4,2022-01-18,2022-09-01,"HeadOfficer",NA,"JIMMY",NA,"COHEN","305.42 avg. open violations; 3 units; landlord: JIMMY COHEN"
"68",337401,40.671453,-73.876308,304.125,4,76.03125,322747,3,"BROOKLYN","317","317","317","MILFORD STREET",60930,11208,4262,13,3095619,5,2022-02-01,2022-09-01,"IndividualOwner",NA,"ALFREDO",NA,"LEM","304.12 avg. open violations; 4 units; landlord: ALFREDO LEM"
"69",329403,40.677841,-74.000909,301.291666666667,16,18.8307291666667,330412,3,"BROOKLYN","105","105","105","LUQUER STREET",57630,11231,373,43,3005481,6,2021-10-13,2022-09-01,"IndividualOwner",NA,"CHANMATTIE",NA,"PERSAUD","301.29 avg. open violations; 16 units; landlord: CHANMATTIE PERSAUD"
"70",115582,40.847043,-73.90557,300.791666666667,3,100.263888888889,215542,2,"BRONX","1821","1821","1821","TOPPING AVENUE",69220,10457,2800,44,2007522,5,2018-11-16,2019-09-01,"HeadOfficer",NA,"IHSAN",NA,"SALEEM","300.79 avg. open violations; 3 units; landlord: IHSAN SALEEM"
"71",4175,40.826066,-73.939568,300.166666666667,44,6.8219696969697,127101,1,"MANHATTAN","2819","2819","2823","FREDERICK DOUGLASS BOULEVARD",10810,10039,2046,7,1060854,10,2021-12-29,2022-09-01,"HeadOfficer",NA,"CRAIG",NA,"LIVINGSTON","300.17 avg. open violations; 44 units; landlord: CRAIG LIVINGSTON"
"72",38681,40.804618,-73.949817,290.291666666667,20,14.5145833333333,119201,1,"MANHATTAN","157","157","157","WEST 119 STREET",36150,10026,1904,6,1057534,10,2021-08-12,2022-09-01,"HeadOfficer",NA,"JEROME",NA,"WHITE","290.29 avg. open violations; 20 units; landlord: JEROME WHITE"
"73",41579,40.824107,-73.952801,289.5,25,11.58,103671,1,"MANHATTAN","609","609","611","WEST 141 STREET",36590,10031,2088,84,1062328,9,2022-01-05,2022-09-01,"HeadOfficer",NA,"SIMONE",NA,"ROSS","289.5 avg. open violations; 25 units; landlord: SIMONE ROSS"
"74",383114,40.668874,-73.949317,288.791666666667,52,5.5536858974359,310003,3,"BROOKLYN","1254","1254","1254","UNION STREET",86530,11225,1276,23,3033246,9,2021-10-07,2022-09-01,"HeadOfficer",NA,"YOSSI",NA,"HOROWITZ","288.79 avg. open violations; 52 units; landlord: YOSSI HOROWITZ"
"75",266747,40.652365,-73.931451,288.708333333333,34,8.49142156862745,308487,3,"BROOKLYN","397","397","403","EAST 49 STREET",36980,11203,4675,45,3102099,17,2021-09-24,2022-09-01,"HeadOfficer",NA,"ROBERT",NA,"RAPHAEL","288.71 avg. open violations; 34 units; landlord: ROBERT RAPHAEL"
"76",403081,40.784694,-73.851041,287.416666666667,6,47.9027777777778,410946,4,"QUEENS","116-10","116-10","116-10","14 ROAD",6040,11356,4067,27,4098140,7,2016-05-24,2017-09-01,"HeadOfficer",NA,"ALDORA",NA,"FARFALLA","287.42 avg. open violations; 6 units; landlord: ALDORA FARFALLA"
"77",693450,40.758433,-73.822248,285.416666666667,79,3.61286919831224,417574,4,"QUEENS","143-30","143-30","143-30","SANFORD AVENUE",61390,11355,5183,20,4117066,7,2020-10-21,2021-09-01,"HeadOfficer",NA,"VINCENT",NA,"GAROFALO","285.42 avg. open violations; 79 units; landlord: VINCENT GAROFALO"
"78",43631,40.855329,-73.92865,285,20,14.25,134283,1,"MANHATTAN","566","566","566","WEST 191 STREET",37570,10040,2161,128,1063891,12,2020-12-11,2021-09-01,"HeadOfficer",NA,"SIMONE",NA,"ROSS","285 avg. open violations; 20 units; landlord: SIMONE ROSS"
"79",812802,40.6859,-73.950667,284.5,NA,NA,819528,3,"BROOKLYN","357","357","357","NOSTRAND AVENUE",67030,11216,1813,7,3338679,3,2019-02-08,2019-09-01,"HeadOfficer",NA,"ASAD",NA,"ALI","284.5 avg. open violations; NA units; landlord: ASAD ALI"
"80",812539,40.612466,-74.083175,284.458333333333,137,2.07633819951338,500945,5,"STATEN ISLAND","280","280","280","PARKHILL AVENUE",42795,10304,2922,1,5106239,1,2021-10-26,2022-09-01,"HeadOfficer",NA,"LUCRECIA",NA,"PEREZ","284.46 avg. open violations; 137 units; landlord: LUCRECIA PEREZ"
"81",2652,40.808533,-73.9407,282.958333333333,5,56.5916666666667,138576,1,"MANHATTAN","2081","2081","2081","5 AVENUE",10410,10035,1753,102,1054207,11,2022-01-06,2022-09-01,"HeadOfficer",NA,"FERNANDO",NA,"ALFONSO","282.96 avg. open violations; 5 units; landlord: FERNANDO ALFONSO"
"82",363506,40.674142,-73.952871,280.25,12,23.3541666666667,336873,3,"BROOKLYN","101","101","101","ROGERS AVENUE",73690,11216,1233,9,3031192,8,2013-07-16,2014-09-01,"HeadOfficer",NA,"WILLIAM",NA,"THOMPSON","280.25 avg. open violations; 12 units; landlord: WILLIAM THOMPSON"
"83",394986,40.576105,-74.000922,279.958333333333,4,69.9895833333333,302667,3,"BROOKLYN","2842","2842","2842","WEST 35 STREET",92030,11224,7005,22,3188725,13,2013-06-11,2014-09-01,"HeadOfficer",NA,"POPE",NA,"BOODHAN","279.96 avg. open violations; 4 units; landlord: POPE BOODHAN"
"84",79027,40.825105,-73.893894,277.416666666667,42,6.60515873015873,203628,2,"BRONX","1049","1049","1049","FOX STREET",33520,10459,2717,48,2005682,2,2018-09-04,2019-09-01,"HeadOfficer",NA,"JUAN",NA,"ANAYA","277.42 avg. open violations; 42 units; landlord: JUAN ANAYA"
"85",94506,40.843515,-73.886672,276.791666666667,73,3.79166666666667,203139,2,"BRONX","1967","1967","1971","MARMION AVENUE",49520,10460,3107,36,2012951,6,2022-02-03,2022-09-01,"HeadOfficer",NA,"ALEXANDER",NA,"HOFFMAN","276.79 avg. open violations; 73 units; landlord: ALEXANDER HOFFMAN"
"86",119687,40.831084,-73.90702,276.5,9,30.7222222222222,207058,2,"BRONX","1211","1211","1211","WASHINGTON AVENUE",73120,10456,2389,31,2001603,3,2021-09-02,2022-09-01,"HeadOfficer",NA,"SALVATORE",NA,"D'AVOLA","276.5 avg. open violations; 9 units; landlord: SALVATORE D'AVOLA"
"87",40472,40.811258,-73.940004,275,10,27.5,114615,1,"MANHATTAN","24","24","24","WEST 132 STREET",36410,10037,1729,45,1053857,10,2021-09-23,2022-09-01,"HeadOfficer",NA,"SALVATORE",NA,"D'AVOLA","275 avg. open violations; 10 units; landlord: SALVATORE D'AVOLA"
"88",217748,40.666075,-73.930305,274,4,68.5,302535,3,"BROOKLYN","1691","1691","1691","CARROLL STREET",24830,11213,1409,63,3037994,9,1993-04-01,1994-09-30,"IndividualOwner",NA,"SALLIE","L","VINSON","274 avg. open violations; 4 units; landlord: SALLIE VINSON"
"89",23656,40.817996,-73.938032,273,23,11.8695652173913,119692,1,"MANHATTAN","621","621","623","LENOX AVENUE",24690,10037,2010,28,1060090,10,2016-01-11,2016-09-01,"HeadOfficer",NA,"RICARTE",NA,"ECHEVARRIA","273 avg. open violations; 23 units; landlord: RICARTE ECHEVARRIA"
"90",42967,40.836472,-73.940874,270.416666666667,NA,NA,119667,1,"MANHATTAN","531","531","531","WEST 162 STREET",37010,10032,2122,13,1062917,12,2020-09-29,2021-09-01,"HeadOfficer",NA,"ANGELINA",NA,"KATES","270.42 avg. open violations; NA units; landlord: ANGELINA KATES"
"91",292358,40.630096,-73.944757,270.375,636,0.425117924528302,373602,3,"BROOKLYN","1655","1635","1663","FLATBUSH AVENUE",40930,11210,7579,10,3206459,18,2021-08-30,2022-09-01,"HeadOfficer",NA,"DONALD",NA,"ROBERTS III","270.38 avg. open violations; 636 units; landlord: DONALD ROBERTS III"
"92",306281,40.685309,-73.91945,269,6,44.8333333333333,347154,3,"BROOKLYN","827","827","827","HALSEY STREET",46730,11233,1491,56,3039972,3,2022-01-10,2022-09-01,"HeadOfficer",NA,"BRIAN",NA,"HODGE","269 avg. open violations; 6 units; landlord: BRIAN HODGE"
"93",102917,40.873731,-73.877906,268.875,51,5.27205882352941,205194,2,"BRONX","3158","3156","3158","PERRY AVENUE",58020,10467,3345,19,2018304,7,2021-10-22,2022-09-01,"HeadOfficer",NA,"ROBERT","D","GOJCAJ","268.88 avg. open violations; 51 units; landlord: ROBERT GOJCAJ"
"94",266735,40.652807,-73.931519,268.083333333333,38,7.05482456140351,308486,3,"BROOKLYN","374","374","374","EAST 49 STREET",36980,11203,4674,21,3102041,17,2021-07-19,2022-09-01,"IndividualOwner",NA,"PINCUS",NA,"SCHWIMMER","268.08 avg. open violations; 38 units; landlord: PINCUS SCHWIMMER"
"95",26890,40.851035,-73.939307,267.708333333333,49,5.46343537414966,106754,1,"MANHATTAN","90","78","90","PINEHURST AVENUE",28890,10033,2177,116,1064300,12,2021-08-26,2022-09-01,"HeadOfficer",NA,"NATHAN",NA,"SILVERSTEIN","267.71 avg. open violations; 49 units; landlord: NATHAN SILVERSTEIN"
"96",81651,40.831448,-73.920162,267.625,110,2.43295454545455,210928,2,"BRONX","1075","1075","1075","GRAND CONCOURSE",36420,10452,2472,11,2002889,4,2021-10-12,2022-09-01,"HeadOfficer",NA,"PAUL",NA,"LOZITO","267.62 avg. open violations; 110 units; landlord: PAUL LOZITO"
"97",347783,40.644221,-73.959887,266.958333333333,95,2.81008771929825,329065,3,"BROOKLYN","755","739","775","OCEAN AVENUE",67530,11226,5151,33,3118550,14,2021-10-15,2022-09-01,"HeadOfficer",NA,"DAVID",NA,"BLAU","266.96 avg. open violations; 95 units; landlord: DAVID BLAU"
"98",26046,40.815372,-73.957345,265.5,24,11.0625,120735,1,"MANHATTAN","12","12","14","OLD BROADWAY",27390,10027,1982,65,1059713,9,2019-11-08,2020-11-01,"HeadOfficer",NA,"SIMONE",NA,"ROSS","265.5 avg. open violations; 24 units; landlord: SIMONE ROSS"
"99",769123,40.61634,-74.081184,263.833333333333,132,1.99873737373737,500926,5,"STATEN ISLAND","140","140","140","PARK HILL AVENUE",42795,10304,2922,265,5116727,1,2021-08-17,2022-09-01,"HeadOfficer",NA,"LUCRECIA",NA,"PEREZ","263.83 avg. open violations; 132 units; landlord: LUCRECIA PEREZ"
"100",6125,40.861702,-73.926969,263.375,15,17.5583333333333,127952,1,"MANHATTAN","21","21","21","ARDEN STREET",11810,10040,2174,188,1064203,12,2021-09-23,2022-09-01,"HeadOfficer",NA,"SALVATORE",NA,"D'AVOLA","263.38 avg. open violations; 15 units; landlord: SALVATORE D'AVOLA"
